M003,1G-l8VkRl6Ck1abdSOuvL3nAP7m26uhPL
M005,1WMS6mgoJoRu2xCpXAjJgvX0Erg-lWJat
M007,1JZUiYdYg_GXGcMm8EC_BAdihXwl-M0Qs
M009,18sFptnrj3NMN2XK9DPVEwXFnwWReuJxY
M011,1ul6KQBR52wO65hfgt1KNztOh9eqRX-Hc
M012,1S94lH7-YVxlAnYShmyVjQUdZuyOFJfRs
M013,1KLOurMg8b-7EPqTyuMhrwm7w91HgWH4k
M019,1xneyyZrOTbvbVWHTvKN2rccqpbSAkb6w
M022,1sEiBvsInTck4WsQD8B8-J4nWAnS_WefY
M023,1lZLUy3Px0s06AIp47kGDgZZNj_1nQahI
M024,1rFXHgfaK2fVU_tLznqZ67-XCgXxRnKv6
M025,1oGUZSJRVYBDUfjtFZS_DCrNPPEBAnMB_
M026,1gYGSO-fUA1puqjh0UTuTsbk2O8Yoai9W
M027,1ml18RZWw_44LmyiooR2shtbd8QEQWCpY
M028,1NoPb7iDfAxf2CdrVM7EQmRXB7n_6ssW6
M029,10t8iDhcIE2DGHReGmh1fBk_fdZo_QYZ3
M030,1F1uUJyDeuvC8MWbX20H-JEMThsv_PPJ6
M031,1WnMZPhR_-XUcLHvPChGtXBvsulaEB2qx
M032,1fYUDN7wDsofQmjWWG5qk6KlCaG2WI4ij
M033,1CNVFOQucx6FY4ggP_xv3pUwfZgrFg0tW
M034,11fA3AfD2P42pySRjD7aMiMy0qOkR7dEc
M035,1YGce8hGtgnubBzN2el0Nq9nq3uY3bWrg
M037,1pz1XLljEUKdZyH7KdxEx9pihP5FZMMxA
M039,1TWSEN64F-ZHNP606nfHtKGkaJGc4zC3V
M040,1B2iKbK9zkQmrl1NrlRHCeWRsWKdDxE9p
M041,1OGzsw5i62hI1SexFkwNVW3eY9EV9HR_c
M042,1RUjXE9dEA3YsG1JMNaZVRD3kf-2fLXh0
W009,1luszn8-I_04tn8R-I-8TLUWOGevfQZiq
W011,1TVJUIt7SH6xJf90P1LHu9oMOfnTMfhHf
W014,1GFW6MB9HQa6TSKwI5COpqfraKLPZpWEO
W015,19BFskmdijD0fiVgOb8dWdsfv-tmXpd01
W016,1q_m_YR4fXgapbD89dYgjlOlQTYrYhN4a
W017,1LD84tA1Uf0wDjM2EMf0c29jNROUeI5YB
W018,1KRIsKya9hYAYb6NBtH85xgvghjNZdqNg
W019,1PwmwCwaNX63LjetLjpxtcV17b3urQlpI
W021,1bcaDi35VcYZhvhQsZPMGfeDdZSrOUjVe
W023,19JsOKVuv8rf4rWzpeXpxjIP9wZ9hnYwQ
W024,1JAqs_H_PE1MCmQfC-xEhuYGC6WiblqAz
W025,1CEPguGTMai1YL1GBxdQoVpfbo7EGkO8L
W026,1on2urKPXqu7hVz3oWzLDwwYMHlok3dsD
W028,1uroniaiTl7e31hrk_jvTLq9eGw02rwGg
W029,1N9FxnElcAnkbe9QZIan9xgNN9aO-P5ca
W033,1E0yIBTOoMBjRbr5SdICrkrepEtI9TIBk
W035,1sJFjP9WuIEa4uegp4pnC9zaa9AyCIMCG
W036,10-G2ndjrRfO4zbwyHZ77KnD3qScU5czd
W037,1AvfagzkBr3WuJEuhlOqyaP7MXq2vgoDI
W038,1dout-_n6p30HO6AZIVbajFp_P9C7deZ8
W040,1QbtQ_ZKq-0xR242dD6cYU5nWFeUguILz
