person_folder,tar_file,id_code
M003,audio.tar,1vyV7oBL9qvdA_FRvC5mMU_xNwvxMhivm
M003,video.tar,1_sTB4DoljwU4IY2YTVkRQ_8bj28Le9-c
M005,audio.tar,1xTXbLyTSnzy9BHdP9fue_DZzwwGk_2aa
M005,video.tar,1ubqPoVb2f2dPEqBm07fAr-H-mqiSHoOV
M007,audio.tar,19quiutoiOQUYxJwkfRdeXB8WXi0gzPPe
M007,video.tar,1HO6n_jIyZXiZBmywk3vN7LcNSeqUWnCh
M009,audio.tar,1uhZhONxZvGc3W8oOLnX1EcqBawlgHrmA
M009,video.tar,1tJMq4W-dQ4Z6IMEs5kK0lYd0s6UjAmrz
M011,audio.tar,10vyLn2Ck4unShMbEXVKtTZTX527S9xy1
M011,video.tar,1PlYwxkgRwrDISiIsOYuP6_Yw8RxCImfq
M012,audio.tar,1AlLEY3bPyNgoLLMYfI3KESNHhd7F9OnG
M012,video.tar,1r_02Rr7qd9zcXGcuOWmkCn-X4gwNdTSY
M013,audio.tar,1J2ns4DtLs7ohwH-OYx3mg_p7XwwulkMA
M013,video.tar,1HdpRfyKvU3nT8B6XwYjUxKxbzG7FHLI_
M019,audio.tar,19e3imqFUxcfYI47eOoyXjA5fJOu6krNa
M019,video.tar,1YPUech64LhZTmQhj0irQ6oxOxTOWngxf
M022,audio.tar,177Js9WWiBaAXwM9_XLtS6uWZEQ6Lpgu6
M022,video.tar,1R856cJEgbw0mv4mWsCDZRBHa03DH0oP2
M023,audio.tar,11u9yzMmskOOjbduXMHYOg3rXvQ_Uc7lT
M023,video.tar,1TMj6Lks3IKtn1T5DI8jUPDLQYx5BZ2RI
M024,audio.tar,1BfPM3RQH5Iqe21UBCB222aXjKoehzCSq
M024,video.tar,1VDQxx7saZLOIMl-7fXq8TuZFxzDh-vZ9
M025,audio.tar,1Xwpgt--o-FyC1AhKVLh6KoI7ioV7Qn4W
M025,video.tar,1sICjHruXFSj3ib29iShEw0LMOVluTeqj
M026,audio.tar,17dFKfM0vGMWztA3lItRJp6rydXZlZQgR
M026,video_path1.tar,11xVIAJbErEf9RrniqhamHGVNdaGa9-Kd
M026,video.tar,1t9zhGWUGHvb1MalM8L7VqF92iRUT-RIa
M027,audio.tar,1k01Wz4qEY5LxPrH40YF9P3oP4bnXWzTc
M027,video.tar,1mjtAOh_XAGmOB6CrnuJAbhPUMmBZBSaK
M028,audio.tar,1R9yPucDeMldV0pm8MaqSoF7nD7E0hSjM
M028,video.tar,1oguNuh3ev8-6KjeVKuCZ3l0WnwdjkFAM
M029,audio.tar,1VSyOYtUytJIaT9tU-SfYyiBdl7ZePOiA
M029,video.tar,11EG6eC03tX97rLCObUzxJH6mJu0_a1GP
M030,audio.tar,15pdbceiEjumdU76s7zDxB_r7GXkzSlGa
M030,video.tar,1FQPmuFTqwfKuVuFAtolX8Ge2sM7QW7BY
M031,audio.tar,1-XhN3aUvPDAYt2uVENwF17Ud0pT3W2Gk
M031,video.tar,1SSuDkrby0Ev_Ssj3M4s5hsR9WkbMNwgV
M032,audio.tar,1vIt8JixI8gRkxrzOTiBS7xgOLmg04zKT
M032,video_path1.tar,175mieJBwjEbiB6yF6LktFZCuuFtVHDCy
M032,video.tar,1w6-R6WneiRBxG2GMbZU3yAezSxAgNI8T
M033,audio.tar,1v8I0icIgdVtz0RH1aU5KJwOCrSRZzjYt
M033,video.tar,1vS3QgKSYhGTGAkTvuVMua-cAlgtNfvO5
M034,audio.tar,1JB0Tyn7Kwl3mcpi7nnEc8glTPsLyCkU2
M034,video.tar,1qcEp3nyG5ZAw_JNDtmOhTCxfoXHSI-7h
M035,audio.tar,1o19VqRF1aIJdt4kub95bE1MI_RvUZy8d
M035,video.tar,1gnmEkmF7c-CevvAxOO96LEtXJV5FV5y0
M037,audio.tar,1j_Lih5UZ0JnXMf5synTv9YdcpdAALXcN
M037,video.tar,1Q6o8eR2rN4hjxlwbcqP6NzCJlTLNypc4
M039,audio.tar,1s6KXcgSxdxCnMh1PPRcB9_GOV_f4Fmj0
M039,video.tar,1vny_Nk6Vg0VWWaQxMQMpXYahvdYRLoMR
M040,audio.tar,1GT7KVcskw-1Gag3qEt2Y2PUgE52p2a0y
M040,video.tar,1oUaIV81pWedu2aJ7-Zlc1VrKeY5or8uj
M041,audio.tar,1KR2RqhLL4ud-9GrTfDP2VkvgamnlQOYc
M041,video.tar,1C352gQfpL2oEH9zs4BkWXMOIWc2GjFnS
M042,audio.tar,1acks6dCogCd_pXBhy2aYFDuqT4UIpC8p
M042,video_1.tar,1iz6lHRmeDCNJDm7J8mBftpk09z8p0tsH
M042,video_2.tar,1CFzV_mT509KiaPc0zdOMdZCW22Gg_BHV
W009,audio.tar,1ejafqPrZXpIFj8T_D4Gprz26FxFpnSCv
W009,video.tar,1UFCS0yRaAAP4Aqr1QoaI_Pak9x_A0Qa3
W011,audio.tar,1i0z-d_xLUggm3T3dzh1Alka-S_bvKfRM
W011,video.tar,10rsBksadKQUdyaFGKzl6Xs-oUDsXxrW1
W014,audio.tar,1Q_0-f-PdHtgyxaK_ikdOf__VcxqqzoN8
W014,video.tar,1vHOs0Jk-XoJvjMIV8gcqk2QAMZ9zYn20
W015,audio.tar,1IXdrfzKbX5q2fuxkm-cj8COCMfFHlRt0
W015,video.tar,1QQN8lCFXez0NlZDJF77XL736jt2_H4CZ
W016,audio.tar,1A_JSxZEYQMmEL9qdy_NVYbGVb8SElTZh
W016,video.tar,1LXuJ80T2i5k6HKV2ZAclV-bt-JTE0Bie
W017,audio.tar,1-lamgaYqnUWwL1-w8Si90wrOGM_nZLlw
W017,video.tar,1NfcQSYQXwW_ypENtxtJIqejaCHxutYMO
W018,audio.tar,12Z1pS7ArgIvT0tUD6xEM2Y36uXlJRxds
W018,video.tar,1R4w8WQYXLd145W4WNoRjTF04NeiRW8A_
W019,audio.tar,1U7FpTs5KMkUjTrRMtvWPI0Prc-B6ImPS
W019,video.tar,1li2eNgDD9V6HSlhU38S7rEM8jT8o9Tz5
W021,video_1.tar,1oPFVfVhtllT39cRkrut7MbPksjnj6XjN
W021,video_2.tar,15KGkel1sAKmcjkHICm5gmP_b2QOKEK7J
W021,audio.tar,1Elk2PhqOMfcxAgxHzHJCqhpvMiHsfRr2
W023,audio.tar,1ocLJ0Ji4tbmC-Ti44V3bTX9Oxx7dTqPa
W023,video.tar,16LzfPpQYl6_Yc2bCfwQyJ9Tg5mJuhUG6
W024,audio.tar,1SYvY1ed5ng9gp_TlSpAnau69NuuP5VAX
W024,video.tar,1lKb_wv200Ss3QecRa-MVDsddYaG245UI
W025,audio.tar,11Mmf3rWaoVMfKjNFKxAUj437xE3hAZuQ
W025,video.tar,18Ac3XdJJqkD7iBxRT9l82uuNdd_0KWaH
W026,audio.tar,1_QIlNtaRfqNCxJZUoRxGfLG5b3ZRMisu
W026,video.tar,10NElRhzstGYCeNghdI6StcFaFU2EexqV
W028,audio.tar,1_tlXWU2ejq_eE1-33p0m4FvdLozQjjmQ
W028,video.tar,1WuAjnxNWuZaC7Hb1S20W-X-LvsqCqFdm
W029,audio.tar,1Fw14qH4MJ5HkSUvYrQO7QdLIgC0jQ5yN
W029,video.tar,1yE6ArRNJdTEDQBcxLZEPbfhiY46hH_bW
W033,audio.tar,1E99anBiX9w5h-byCV01jKmL5qPAJyfKx
W033,video.tar,1u5zSxa3zOwPFdXMc8Teu929jgOnXk5pD
W035,audio.tar,1DMSEZrKs9PBk-SdwUO8ZvKJ9ITRzpX4g
W035,video.tar,1Io8xMQt3-9wWj_OZ1e7o1BYChj6DvdGQ
W036,audio.tar,1P9uJtZRx3AOx6NuOGn28mOy3Sigzzq_4
W036,video.tar,1pe4CmrselXMFFj1JputEF8_PqddtZWi1
W037,audio.tar,1fd8SwnBl49KwigT5PO0VZ8ExzXmukR2Z
W037,video.tar,16CEn_2fjnOMcegXgiXKNw1nDxydP_FbZ
W038,audio.tar,1hFdZ0dxUuMXIoCNpdOiLK6Nd9FWufQGr
W038,video.tar,1wCmuzDaD1bkAjSbPiKb-rJCqBQVlZflC
W040,audio.tar,1pAzs-qkGVzaZHv0m9eazCgwYsxpefrYS
W040,video.tar,1gZnRqkub1Zt_ao0Jgf4URAH4ufI4PIU_
